-- phpMyAdmin SQL Dump
-- version 5.0.2
-- https://www.phpmyadmin.net/
--
-- Hôte : 127.0.0.1:3306
-- Généré le : lun. 12 avr. 2021 à 08:16
-- Version du serveur :  5.7.31
-- Version de PHP : 7.3.21

SET SQL_MODE = "NO_AUTO_VALUE_ON_ZERO";
START TRANSACTION;
SET time_zone = "+00:00";


/*!40101 SET @OLD_CHARACTER_SET_CLIENT=@@CHARACTER_SET_CLIENT */;
/*!40101 SET @OLD_CHARACTER_SET_RESULTS=@@CHARACTER_SET_RESULTS */;
/*!40101 SET @OLD_COLLATION_CONNECTION=@@COLLATION_CONNECTION */;
/*!40101 SET NAMES utf8mb4 */;

--
-- Base de données : `crud_mvc`
--

-- --------------------------------------------------------

--
-- Structure de la table `administrateur`
--

DROP TABLE IF EXISTS `administrateur`;
CREATE TABLE IF NOT EXISTS `administrateur` (
  `id_admin` int(11) NOT NULL AUTO_INCREMENT,
  `email_admin` varchar(255) NOT NULL,
  `password_admin` varchar(255) NOT NULL,
  PRIMARY KEY (`id_admin`)
) ENGINE=MyISAM AUTO_INCREMENT=2 DEFAULT CHARSET=latin1;

--
-- Déchargement des données de la table `administrateur`
--

INSERT INTO `administrateur` (`id_admin`, `email_admin`, `password_admin`) VALUES
(1, 'admin@admin.com', '123');

-- --------------------------------------------------------

--
-- Structure de la table `categories`
--

DROP TABLE IF EXISTS `categories`;
CREATE TABLE IF NOT EXISTS `categories` (
  `id_categorie` int(11) NOT NULL AUTO_INCREMENT,
  `type_categorie` varchar(255) NOT NULL,
  PRIMARY KEY (`id_categorie`)
) ENGINE=InnoDB AUTO_INCREMENT=7 DEFAULT CHARSET=latin1;

--
-- Déchargement des données de la table `categories`
--

INSERT INTO `categories` (`id_categorie`, `type_categorie`) VALUES
(1, 'Multimedias'),
(2, 'Electro-menager'),
(3, 'Meubles'),
(4, 'Véhicules'),
(5, 'Modes'),
(6, 'Divers');

-- --------------------------------------------------------

--
-- Structure de la table `produits`
--

DROP TABLE IF EXISTS `produits`;
CREATE TABLE IF NOT EXISTS `produits` (
  `id_produit` int(11) NOT NULL AUTO_INCREMENT,
  `nom_produit` varchar(255) NOT NULL,
  `image_produit` varchar(255) NOT NULL,
  `description_produit` text NOT NULL,
  `prix_produit` int(11) NOT NULL,
  `categorie_produit` varchar(255) NOT NULL,
  `id_produit_region` int(11) NOT NULL,
  `vendeur_id_produit` int(11) NOT NULL,
  PRIMARY KEY (`id_produit`),
  KEY `region` (`id_produit_region`),
  KEY `nom` (`vendeur_id_produit`)
) ENGINE=InnoDB AUTO_INCREMENT=47 DEFAULT CHARSET=latin1;

--
-- Déchargement des données de la table `produits`
--

INSERT INTO `produits` (`id_produit`, `nom_produit`, `image_produit`, `description_produit`, `prix_produit`, `categorie_produit`, `id_produit_region`, `vendeur_id_produit`) VALUES
(33, 'ordinateur', '../asset/image/61JgpF6k4ML._AC_SX425_.jpg', 'Contrary to popular belief, Lorem Ipsum is not simply random text. It has roots in a piece of classical Latin literature from 45 BC, making it over 2000 years old. Richard McClintock, a Latin professor at Hampden-Sydney College in Virginia, looked up one of the more obscure Latin words, consectetur, from a Lorem Ipsum passage, and going through the cites of the word in classical literature, discovered the undoubtable source. Lorem Ipsum comes from sections 1.10.32 and 1.10.33 of \"de Finibus Bonorum et Malorum\" (The Extremes of Good and Evil) by Cicero, written in 45 BC. This book is a treatise on the theory of ethics, very popular during the Renaissance. The first line of Lorem Ipsum, \"Lorem ipsum dolor sit amet..\", comes from a line in section 1.10.32.\r\n\r\nThe standard chunk of Lorem Ipsum used since the 1500s is reproduced below for those interested. Sections 1.10.32 and 1.10.33 from \"de Finibus Bonorum et Malorum\" by Cicero are also reproduced in their exact original form, accompanied by English versions from the 1914 translation by H. Rackham.', 2500, 'Informatique', 1, 4),
(34, 'ordinateur', '../asset/image/61JgpF6k4ML._AC_SX425_.jpg', 'Contrary to popular belief, Lorem Ipsum is not simply random text. It has roots in a piece of classical Latin literature from 45 BC, making it over 2000 years old. Richard McClintock, a Latin professor at Hampden-Sydney College in Virginia, looked up one of the more obscure Latin words, consectetur, from a Lorem Ipsum passage, and going through the cites of the word in classical literature, discovered the undoubtable source. Lorem Ipsum comes from sections 1.10.32 and 1.10.33 of \"de Finibus Bonorum et Malorum\" (The Extremes of Good and Evil) by Cicero, written in 45 BC. This book is a treatise on the theory of ethics, very popular during the Renaissance. The first line of Lorem Ipsum, \"Lorem ipsum dolor sit amet..\", comes from a line in section 1.10.32.\r\n\r\nThe standard chunk of Lorem Ipsum used since the 1500s is reproduced below for those interested. Sections 1.10.32 and 1.10.33 from \"de Finibus Bonorum et Malorum\" by Cicero are also reproduced in their exact original form, accompanied by English versions from the 1914 translation by H. Rackham.', 2500, 'Informatique', 1, 5),
(35, 'lit', '../asset/image/lit.jpg', 'Contrary to popular belief, Lorem Ipsum is not simply random text. It has roots in a piece of classical Latin literature from 45 BC, making it over 2000 years old. Richard McClintock, a Latin professor at Hampden-Sydney College in Virginia, looked up one of the more obscure Latin words, consectetur, from a Lorem Ipsum passage, and going through the cites of the word in classical literature, discovered the undoubtable source. Lorem Ipsum comes from sections 1.10.32 and 1.10.33 of \"de Finibus Bonorum et Malorum\" (The Extremes of Good and Evil) by Cicero, written in 45 BC. This book is a treatise on the theory of ethics, very popular during the Renaissance. The first line of Lorem Ipsum, \"Lorem ipsum dolor sit amet..\", comes from a line in section 1.10.32.\r\n\r\nThe standard chunk of Lorem Ipsum used since the 1500s is reproduced below for those interested. Sections 1.10.32 and 1.10.33 from \"de Finibus Bonorum et Malorum\" by Cicero are also reproduced in their exact original form, accompanied by English versions from the 1914 translation by H. Rackham.', 3500, 'Meubles', 1, 5),
(36, 'ordinateur', '../asset/image/61JgpF6k4ML._AC_SX425_.jpg', 'Contrary to popular belief, Lorem Ipsum is not simply random text. It has roots in a piece of classical Latin literature from 45 BC, making it over 2000 years old. Richard McClintock, a Latin professor at Hampden-Sydney College in Virginia, looked up one of the more obscure Latin words, consectetur, from a Lorem Ipsum passage, and going through the cites of the word in classical literature, discovered the undoubtable source. Lorem Ipsum comes from sections 1.10.32 and 1.10.33 of \"de Finibus Bonorum et Malorum\" (The Extremes of Good and Evil) by Cicero, written in 45 BC. This book is a treatise on the theory of ethics, very popular during the Renaissance. The first line of Lorem Ipsum, \"Lorem ipsum dolor sit amet..\", comes from a line in section 1.10.32.\r\n\r\nThe standard chunk of Lorem Ipsum used since the 1500s is reproduced below for those interested. Sections 1.10.32 and 1.10.33 from \"de Finibus Bonorum et Malorum\" by Cicero are also reproduced in their exact original form, accompanied by English versions from the 1914 translation by H. Rackham.', 2500, 'Informatique', 1, 4),
(37, 'ordinateur', '../asset/image/61JgpF6k4ML._AC_SX425_.jpg', 'Contrary to popular belief, Lorem Ipsum is not simply random text. It has roots in a piece of classical Latin literature from 45 BC, making it over 2000 years old. Richard McClintock, a Latin professor at Hampden-Sydney College in Virginia, looked up one of the more obscure Latin words, consectetur, from a Lorem Ipsum passage, and going through the cites of the word in classical literature, discovered the undoubtable source. Lorem Ipsum comes from sections 1.10.32 and 1.10.33 of \"de Finibus Bonorum et Malorum\" (The Extremes of Good and Evil) by Cicero, written in 45 BC. This book is a treatise on the theory of ethics, very popular during the Renaissance. The first line of Lorem Ipsum, \"Lorem ipsum dolor sit amet..\", comes from a line in section 1.10.32.\r\n\r\nThe standard chunk of Lorem Ipsum used since the 1500s is reproduced below for those interested. Sections 1.10.32 and 1.10.33 from \"de Finibus Bonorum et Malorum\" by Cicero are also reproduced in their exact original form, accompanied by English versions from the 1914 translation by H. Rackham.', 2500, 'Informatique', 1, 5),
(38, 'Velo electrique', '../asset/image/velo-electrique.jpg', 'Contrary to popular belief, Lorem Ipsum is not simply random text. It has roots in a piece of classical Latin literature from 45 BC, making it over 2000 years old. Richard McClintock, a Latin professor at Hampden-Sydney College in Virginia, looked up one of the more obscure Latin words, consectetur, from a Lorem Ipsum passage, and going through the cites of the word in classical literature, discovered the undoubtable source. Lorem Ipsum comes from sections 1.10.32 and 1.10.33 of \"de Finibus Bonorum et Malorum\" (The Extremes of Good and Evil) by Cicero, written in 45 BC. This book is a treatise on the theory of ethics, very popular during the Renaissance. The first line of Lorem Ipsum, \"Lorem ipsum dolor sit amet..\", comes from a line in section 1.10.32.\r\n\r\nThe standard chunk of Lorem Ipsum used since the 1500s is reproduced below for those interested. Sections 1.10.32 and 1.10.33 from \"de Finibus Bonorum et Malorum\" by Cicero are also reproduced in their exact original form, accompanied by English versions from the 1914 translation by H. Rackham.', 3500, 'Sport', 3, 4),
(39, 'montre femme', '../asset/image/montre.jfif', 'Lorem Ipsum is simply dummy text of the printing and typesetting industry. Lorem Ipsum has been the industry\'s standard dummy text ever since the 1500s, when an unknown printer took a galley of type and scrambled it to make a type specimen book. It has survived not only five centuries, but also the leap into electronic typesetting, remaining essentially unchanged. It was popularised in the 1960s with the release of Letraset sheets containing Lorem Ipsum passages, and more recently with desktop publishing software like Aldus PageMaker including versions of Lorem Ipsum', 250, 'Vetement', 7, 1),
(40, 'chemise', '../asset/image/chemise-homme-bleu.jpg', 'There are many variations of passages of Lorem Ipsum available, but the majority have suffered alteration in some form, by injected humour, or randomised words which don\'t look even slightly believable. If you are going to use a passage of Lorem Ipsum, you need to be sure there isn\'t anything embarrassing hidden in the middle of text. All the Lorem Ipsum generators on the Internet tend to repeat predefined chunks as necessary, making this the first true generator on the Internet. It uses a dictionary of over 200 Latin words, combined with a handful of model sentence structures, to generate Lorem Ipsum which looks reasonable. The generated Lorem Ipsum is therefore always free from repetition, injected humour, or non-characteristic words etc.', 35, 'Vetement', 12, 1),
(41, 'pantalon', '../asset/image/pantalon.jpg', 'Contrary to popular belief, Lorem Ipsum is not simply random text. It has roots in a piece of classical Latin literature from 45 BC, making it over 2000 years old. Richard McClintock, a Latin professor at Hampden-Sydney College in Virginia, looked up one of the more obscure Latin words, consectetur, from a Lorem Ipsum passage, and going through the cites of the word in classical literature, discovered the undoubtable source. Lorem Ipsum comes from sections 1.10.32 and 1.10.33 of \"de Finibus Bonorum et Malorum\" (The Extremes of Good and Evil) by Cicero, written in 45 BC. This book is a treatise on the theory of ethics, very popular during the Renaissance. The first line of Lorem Ipsum, \"Lorem ipsum dolor sit amet..\", comes from a line in section 1.10.32.', 40, 'Vetement', 10, 1),
(42, 'pantalon', '../asset/image/pantalon.jpg', 'Contrary to popular belief, Lorem Ipsum is not simply random text. It has roots in a piece of classical Latin literature from 45 BC, making it over 2000 years old. Richard McClintock, a Latin professor at Hampden-Sydney College in Virginia, looked up one of the more obscure Latin words, consectetur, from a Lorem Ipsum passage, and going through the cites of the word in classical literature, discovered the undoubtable source. Lorem Ipsum comes from sections 1.10.32 and 1.10.33 of \"de Finibus Bonorum et Malorum\" (The Extremes of Good and Evil) by Cicero, written in 45 BC. This book is a treatise on the theory of ethics, very popular during the Renaissance. The first line of Lorem Ipsum, \"Lorem ipsum dolor sit amet..\", comes from a line in section 1.10.32.', 40, 'Vetement', 10, 1),
(43, 'pantalon', '../asset/image/pantalon.jpg', 'Contrary to popular belief, Lorem Ipsum is not simply random text. It has roots in a piece of classical Latin literature from 45 BC, making it over 2000 years old. Richard McClintock, a Latin professor at Hampden-Sydney College in Virginia, looked up one of the more obscure Latin words, consectetur, from a Lorem Ipsum passage, and going through the cites of the word in classical literature, discovered the undoubtable source. Lorem Ipsum comes from sections 1.10.32 and 1.10.33 of \"de Finibus Bonorum et Malorum\" (The Extremes of Good and Evil) by Cicero, written in 45 BC. This book is a treatise on the theory of ethics, very popular during the Renaissance. The first line of Lorem Ipsum, \"Lorem ipsum dolor sit amet..\", comes from a line in section 1.10.32.', 40, 'Vetement', 10, 1),
(44, 'bracelet', '../asset/image/bracelet homme.jfif', '\"Sed ut perspiciatis unde omnis iste natus error sit voluptatem accusantium doloremque laudantium, totam rem aperiam, eaque ipsa quae ab illo inventore veritatis et quasi architecto beatae vitae dicta sunt explicabo. Nemo enim ipsam voluptatem quia voluptas sit aspernatur aut odit aut fugit, sed quia consequuntur magni dolores eos qui ratione voluptatem sequi nesciunt. Neque porro quisquam est, qui dolorem ipsum quia dolor sit amet, consectetur, adipisci velit, sed quia non numquam eius modi tempora incidunt ut labore et dolore magnam aliquam quaerat voluptatem. Ut enim ad minima veniam, quis nostrum exercitationem ullam corporis suscipit laboriosam, nisi ut aliquid ex ea commodi consequatur? Quis autem vel eum iure reprehenderit qui in ea voluptate velit esse quam nihil molestiae consequatur, vel illum qui dolorem eum fugiat quo voluptas nulla pariatur?\"', 25, 'Vetement', 1, 4),
(45, 'bracelet', '../asset/image/bracelet homme.jfif', '\"Sed ut perspiciatis unde omnis iste natus error sit voluptatem accusantium doloremque laudantium, totam rem aperiam, eaque ipsa quae ab illo inventore veritatis et quasi architecto beatae vitae dicta sunt explicabo. Nemo enim ipsam voluptatem quia voluptas sit aspernatur aut odit aut fugit, sed quia consequuntur magni dolores eos qui ratione voluptatem sequi nesciunt. Neque porro quisquam est, qui dolorem ipsum quia dolor sit amet, consectetur, adipisci velit, sed quia non numquam eius modi tempora incidunt ut labore et dolore magnam aliquam quaerat voluptatem. Ut enim ad minima veniam, quis nostrum exercitationem ullam corporis suscipit laboriosam, nisi ut aliquid ex ea commodi consequatur? Quis autem vel eum iure reprehenderit qui in ea voluptate velit esse quam nihil molestiae consequatur, vel illum qui dolorem eum fugiat quo voluptas nulla pariatur?\"', 25, 'Vetement', 1, 4),
(46, 'bracelet', '../asset/image/bracelet homme.jfif', '\"Sed ut perspiciatis unde omnis iste natus error sit voluptatem accusantium doloremque laudantium, totam rem aperiam, eaque ipsa quae ab illo inventore veritatis et quasi architecto beatae vitae dicta sunt explicabo. Nemo enim ipsam voluptatem quia voluptas sit aspernatur aut odit aut fugit, sed quia consequuntur magni dolores eos qui ratione voluptatem sequi nesciunt. Neque porro quisquam est, qui dolorem ipsum quia dolor sit amet, consectetur, adipisci velit, sed quia non numquam eius modi tempora incidunt ut labore et dolore magnam aliquam quaerat voluptatem. Ut enim ad minima veniam, quis nostrum exercitationem ullam corporis suscipit laboriosam, nisi ut aliquid ex ea commodi consequatur? Quis autem vel eum iure reprehenderit qui in ea voluptate velit esse quam nihil molestiae consequatur, vel illum qui dolorem eum fugiat quo voluptas nulla pariatur?\"', 25, 'Vetement', 1, 4);

-- --------------------------------------------------------

--
-- Structure de la table `regions`
--

DROP TABLE IF EXISTS `regions`;
CREATE TABLE IF NOT EXISTS `regions` (
  `id_regions` int(11) NOT NULL AUTO_INCREMENT,
  `nom_region` varchar(255) NOT NULL,
  PRIMARY KEY (`id_regions`)
) ENGINE=InnoDB AUTO_INCREMENT=14 DEFAULT CHARSET=latin1;

--
-- Déchargement des données de la table `regions`
--

INSERT INTO `regions` (`id_regions`, `nom_region`) VALUES
(1, 'grand_est'),
(2, 'aquitaine'),
(3, 'ra_auvergne'),
(4, 'normandie'),
(5, 'bourgogne_fc'),
(6, 'bretagne'),
(7, 'centre'),
(8, 'corse'),
(9, 'ile_france'),
(10, 'occitanie'),
(11, 'haut_france'),
(12, 'pays_loire'),
(13, 'paca');

-- --------------------------------------------------------

--
-- Structure de la table `utilisateurs`
--

DROP TABLE IF EXISTS `utilisateurs`;
CREATE TABLE IF NOT EXISTS `utilisateurs` (
  `id_utilisateur` int(11) NOT NULL AUTO_INCREMENT,
  `nom_utilisateur` varchar(255) NOT NULL,
  `email_utilisateur` varchar(255) NOT NULL,
  `password_utilisateur` varchar(255) NOT NULL,
  PRIMARY KEY (`id_utilisateur`)
) ENGINE=InnoDB AUTO_INCREMENT=771 DEFAULT CHARSET=latin1;

--
-- Déchargement des données de la table `utilisateurs`
--

INSERT INTO `utilisateurs` (`id_utilisateur`, `nom_utilisateur`, `email_utilisateur`, `password_utilisateur`) VALUES
(1, 'louise', 'louise@louise.com', '123'),
(2, 'mich', 'mich@mich.fr', 'azerty'),
(95, 'nom_utilisateur', 'email_utilisateur', 'password_utilisateur'),
(96, 'nom_utilisateur', 'email_utilisateur', 'password_utilisateur'),
(97, 'nom_utilisateur', 'email_utilisateur', 'password_utilisateur'),
(98, 'nom_utilisateur', 'email_utilisateur', 'password_utilisateur'),
(99, 'nom_utilisateur', 'email_utilisateur', 'password_utilisateur'),
(100, 'nom_utilisateur', 'email_utilisateur', 'password_utilisateur'),
(101, 'nom_utilisateur', 'email_utilisateur', 'password_utilisateur'),
(102, 'nom_utilisateur', 'email_utilisateur', 'password_utilisateur'),
(103, 'nom_utilisateur', 'email_utilisateur', 'password_utilisateur'),
(104, 'nom_utilisateur', 'email_utilisateur', 'password_utilisateur'),
(105, 'nom_utilisateur', 'email_utilisateur', 'password_utilisateur'),
(106, 'nom_utilisateur', 'email_utilisateur', 'password_utilisateur'),
(107, 'nom_utilisateur', 'email_utilisateur', 'password_utilisateur'),
(108, 'nom_utilisateur', 'email_utilisateur', 'password_utilisateur'),
(109, 'nom_utilisateur', 'email_utilisateur', 'password_utilisateur'),
(110, 'nom_utilisateur', 'email_utilisateur', 'password_utilisateur'),
(111, 'nom_utilisateur', 'email_utilisateur', 'password_utilisateur'),
(112, 'nom_utilisateur', 'email_utilisateur', 'password_utilisateur'),
(113, 'nom_utilisateur', 'email_utilisateur', 'password_utilisateur'),
(114, 'nom_utilisateur', 'email_utilisateur', 'password_utilisateur'),
(115, 'nom_utilisateur', 'email_utilisateur', 'password_utilisateur'),
(116, 'nom_utilisateur', 'email_utilisateur', 'password_utilisateur'),
(117, 'nom_utilisateur', 'email_utilisateur', 'password_utilisateur'),
(118, 'nom_utilisateur', 'email_utilisateur', 'password_utilisateur'),
(119, 'nom_utilisateur', 'email_utilisateur', 'password_utilisateur'),
(120, 'nom_utilisateur', 'email_utilisateur', 'password_utilisateur'),
(121, 'nom_utilisateur', 'email_utilisateur', 'password_utilisateur'),
(122, 'nom_utilisateur', 'email_utilisateur', 'password_utilisateur'),
(123, 'nom_utilisateur', 'email_utilisateur', 'password_utilisateur'),
(124, 'nom_utilisateur', 'email_utilisateur', 'password_utilisateur'),
(125, 'nom_utilisateur', 'email_utilisateur', 'password_utilisateur'),
(126, 'nom_utilisateur', 'email_utilisateur', 'password_utilisateur'),
(127, 'nom_utilisateur', 'email_utilisateur', 'password_utilisateur'),
(128, 'nom_utilisateur', 'email_utilisateur', 'password_utilisateur'),
(129, 'nom_utilisateur', 'email_utilisateur', 'password_utilisateur'),
(130, 'nom_utilisateur', 'email_utilisateur', 'password_utilisateur'),
(131, 'nom_utilisateur', 'email_utilisateur', 'password_utilisateur'),
(132, 'nom_utilisateur', 'email_utilisateur', 'password_utilisateur'),
(133, 'nom_utilisateur', 'email_utilisateur', 'password_utilisateur'),
(134, 'nom_utilisateur', 'email_utilisateur', 'password_utilisateur'),
(135, 'nom_utilisateur', 'email_utilisateur', 'password_utilisateur'),
(136, 'nom_utilisateur', 'email_utilisateur', 'password_utilisateur'),
(137, 'nom_utilisateur', 'email_utilisateur', 'password_utilisateur'),
(138, 'nom_utilisateur', 'email_utilisateur', 'password_utilisateur'),
(139, 'nom_utilisateur', 'email_utilisateur', 'password_utilisateur'),
(140, 'nom_utilisateur', 'email_utilisateur', 'password_utilisateur'),
(141, 'nom_utilisateur', 'email_utilisateur', 'password_utilisateur'),
(142, 'nom_utilisateur', 'email_utilisateur', 'password_utilisateur'),
(143, 'nom_utilisateur', 'email_utilisateur', 'password_utilisateur'),
(144, 'nom_utilisateur', 'email_utilisateur', 'password_utilisateur'),
(145, 'nom_utilisateur', 'email_utilisateur', 'password_utilisateur'),
(146, 'nom_utilisateur', 'email_utilisateur', 'password_utilisateur'),
(147, 'nom_utilisateur', 'email_utilisateur', 'password_utilisateur'),
(148, 'nom_utilisateur', 'email_utilisateur', 'password_utilisateur'),
(149, 'nom_utilisateur', 'email_utilisateur', 'password_utilisateur'),
(150, 'nom_utilisateur', 'email_utilisateur', 'password_utilisateur'),
(151, 'nom_utilisateur', 'email_utilisateur', 'password_utilisateur'),
(152, 'nom_utilisateur', 'email_utilisateur', 'password_utilisateur'),
(153, 'nom_utilisateur', 'email_utilisateur', 'password_utilisateur'),
(154, 'nom_utilisateur', 'email_utilisateur', 'password_utilisateur'),
(155, 'nom_utilisateur', 'email_utilisateur', 'password_utilisateur'),
(156, 'nom_utilisateur', 'email_utilisateur', 'password_utilisateur'),
(157, 'nom_utilisateur', 'email_utilisateur', 'password_utilisateur'),
(158, 'nom_utilisateur', 'email_utilisateur', 'password_utilisateur'),
(159, 'nom_utilisateur', 'email_utilisateur', 'password_utilisateur'),
(160, 'nom_utilisateur', 'email_utilisateur', 'password_utilisateur'),
(161, 'nom_utilisateur', 'email_utilisateur', 'password_utilisateur'),
(162, 'nom_utilisateur', 'email_utilisateur', 'password_utilisateur'),
(163, 'nom_utilisateur', 'email_utilisateur', 'password_utilisateur'),
(164, 'nom_utilisateur', 'email_utilisateur', 'password_utilisateur'),
(165, 'nom_utilisateur', 'email_utilisateur', 'password_utilisateur'),
(166, 'nom_utilisateur', 'email_utilisateur', 'password_utilisateur'),
(167, 'nom_utilisateur', 'email_utilisateur', 'password_utilisateur'),
(168, 'nom_utilisateur', 'email_utilisateur', 'password_utilisateur'),
(169, 'nom_utilisateur', 'email_utilisateur', 'password_utilisateur'),
(170, 'nom_utilisateur', 'email_utilisateur', 'password_utilisateur'),
(171, 'nom_utilisateur', 'email_utilisateur', 'password_utilisateur'),
(172, 'nom_utilisateur', 'email_utilisateur', 'password_utilisateur'),
(173, 'nom_utilisateur', 'email_utilisateur', 'password_utilisateur'),
(174, 'nom_utilisateur', 'email_utilisateur', 'password_utilisateur'),
(175, 'nom_utilisateur', 'email_utilisateur', 'password_utilisateur'),
(176, 'nom_utilisateur', 'email_utilisateur', 'password_utilisateur'),
(177, 'nom_utilisateur', 'email_utilisateur', 'password_utilisateur'),
(178, 'nom_utilisateur', 'email_utilisateur', 'password_utilisateur'),
(179, 'nom_utilisateur', 'email_utilisateur', 'password_utilisateur'),
(180, 'nom_utilisateur', 'email_utilisateur', 'password_utilisateur'),
(181, 'nom_utilisateur', 'email_utilisateur', 'password_utilisateur'),
(182, 'nom_utilisateur', 'email_utilisateur', 'password_utilisateur'),
(183, 'nom_utilisateur', 'email_utilisateur', 'password_utilisateur'),
(184, 'nom_utilisateur', 'email_utilisateur', 'password_utilisateur'),
(185, 'nom_utilisateur', 'email_utilisateur', 'password_utilisateur'),
(186, 'nom_utilisateur', 'email_utilisateur', 'password_utilisateur'),
(187, 'nom_utilisateur', 'email_utilisateur', 'password_utilisateur'),
(188, 'nom_utilisateur', 'email_utilisateur', 'password_utilisateur'),
(189, 'nom_utilisateur', 'email_utilisateur', 'password_utilisateur'),
(190, 'nom_utilisateur', 'email_utilisateur', 'password_utilisateur'),
(191, 'nom_utilisateur', 'email_utilisateur', 'password_utilisateur'),
(192, 'nom_utilisateur', 'email_utilisateur', 'password_utilisateur'),
(193, 'nom_utilisateur', 'email_utilisateur', 'password_utilisateur'),
(194, 'nom_utilisateur', 'email_utilisateur', 'password_utilisateur'),
(195, 'nom_utilisateur', 'email_utilisateur', 'password_utilisateur'),
(196, 'nom_utilisateur', 'email_utilisateur', 'password_utilisateur'),
(197, 'nom_utilisateur', 'email_utilisateur', 'password_utilisateur'),
(198, 'nom_utilisateur', 'email_utilisateur', 'password_utilisateur'),
(199, 'nom_utilisateur', 'email_utilisateur', 'password_utilisateur'),
(200, 'nom_utilisateur', 'email_utilisateur', 'password_utilisateur'),
(201, 'nom_utilisateur', 'email_utilisateur', 'password_utilisateur'),
(202, 'nom_utilisateur', 'email_utilisateur', 'password_utilisateur'),
(203, 'nom_utilisateur', 'email_utilisateur', 'password_utilisateur'),
(204, 'nom_utilisateur', 'email_utilisateur', 'password_utilisateur'),
(205, 'nom_utilisateur', 'email_utilisateur', 'password_utilisateur'),
(206, 'nom_utilisateur', 'email_utilisateur', 'password_utilisateur'),
(207, 'nom_utilisateur', 'email_utilisateur', 'password_utilisateur'),
(208, 'nom_utilisateur', 'email_utilisateur', 'password_utilisateur'),
(209, 'nom_utilisateur', 'email_utilisateur', 'password_utilisateur'),
(210, 'nom_utilisateur', 'email_utilisateur', 'password_utilisateur'),
(211, 'nom_utilisateur', 'email_utilisateur', 'password_utilisateur'),
(212, 'nom_utilisateur', 'email_utilisateur', 'password_utilisateur'),
(213, 'nom_utilisateur', 'email_utilisateur', 'password_utilisateur'),
(214, 'nom_utilisateur', 'email_utilisateur', 'password_utilisateur'),
(215, 'nom_utilisateur', 'email_utilisateur', 'password_utilisateur'),
(216, 'nom_utilisateur', 'email_utilisateur', 'password_utilisateur'),
(217, 'nom_utilisateur', 'email_utilisateur', 'password_utilisateur'),
(218, 'nom_utilisateur', 'email_utilisateur', 'password_utilisateur'),
(219, 'nom_utilisateur', 'email_utilisateur', 'password_utilisateur'),
(220, 'nom_utilisateur', 'email_utilisateur', 'password_utilisateur'),
(221, 'nom_utilisateur', 'email_utilisateur', 'password_utilisateur'),
(222, 'nom_utilisateur', 'email_utilisateur', 'password_utilisateur'),
(223, 'nom_utilisateur', 'email_utilisateur', 'password_utilisateur'),
(224, 'nom_utilisateur', 'email_utilisateur', 'password_utilisateur'),
(225, 'nom_utilisateur', 'email_utilisateur', 'password_utilisateur'),
(226, 'nom_utilisateur', 'email_utilisateur', 'password_utilisateur'),
(227, 'nom_utilisateur', 'email_utilisateur', 'password_utilisateur'),
(228, 'nom_utilisateur', 'email_utilisateur', 'password_utilisateur'),
(229, 'nom_utilisateur', 'email_utilisateur', 'password_utilisateur'),
(230, 'nom_utilisateur', 'email_utilisateur', 'password_utilisateur'),
(231, 'nom_utilisateur', 'email_utilisateur', 'password_utilisateur'),
(232, 'nom_utilisateur', 'email_utilisateur', 'password_utilisateur'),
(233, 'nom_utilisateur', 'email_utilisateur', 'password_utilisateur'),
(234, 'nom_utilisateur', 'email_utilisateur', 'password_utilisateur'),
(235, 'nom_utilisateur', 'email_utilisateur', 'password_utilisateur'),
(236, 'nom_utilisateur', 'email_utilisateur', 'password_utilisateur'),
(237, 'nom_utilisateur', 'email_utilisateur', 'password_utilisateur'),
(238, 'nom_utilisateur', 'email_utilisateur', 'password_utilisateur'),
(239, 'nom_utilisateur', 'email_utilisateur', 'password_utilisateur'),
(240, 'nom_utilisateur', 'email_utilisateur', 'password_utilisateur'),
(241, 'nom_utilisateur', 'email_utilisateur', 'password_utilisateur'),
(242, 'nom_utilisateur', 'email_utilisateur', 'password_utilisateur'),
(243, 'nom_utilisateur', 'email_utilisateur', 'password_utilisateur'),
(244, 'nom_utilisateur', 'email_utilisateur', 'password_utilisateur'),
(245, 'nom_utilisateur', 'email_utilisateur', 'password_utilisateur'),
(246, 'nom_utilisateur', 'email_utilisateur', 'password_utilisateur'),
(247, 'nom_utilisateur', 'email_utilisateur', 'password_utilisateur'),
(248, 'nom_utilisateur', 'email_utilisateur', 'password_utilisateur'),
(249, 'nom_utilisateur', 'email_utilisateur', 'password_utilisateur'),
(250, 'nom_utilisateur', 'email_utilisateur', 'password_utilisateur'),
(251, 'nom_utilisateur', 'email_utilisateur', 'password_utilisateur'),
(252, 'nom_utilisateur', 'email_utilisateur', 'password_utilisateur'),
(253, 'nom_utilisateur', 'email_utilisateur', 'password_utilisateur'),
(254, 'nom_utilisateur', 'email_utilisateur', 'password_utilisateur'),
(255, 'nom_utilisateur', 'email_utilisateur', 'password_utilisateur'),
(256, 'nom_utilisateur', 'email_utilisateur', 'password_utilisateur'),
(257, 'nom_utilisateur', 'email_utilisateur', 'password_utilisateur'),
(258, 'nom_utilisateur', 'email_utilisateur', 'password_utilisateur'),
(259, 'nom_utilisateur', 'email_utilisateur', 'password_utilisateur'),
(260, 'nom_utilisateur', 'email_utilisateur', 'password_utilisateur'),
(261, 'nom_utilisateur', 'email_utilisateur', 'password_utilisateur'),
(262, 'nom_utilisateur', 'email_utilisateur', 'password_utilisateur'),
(263, 'nom_utilisateur', 'email_utilisateur', 'password_utilisateur'),
(264, 'nom_utilisateur', 'email_utilisateur', 'password_utilisateur'),
(265, 'nom_utilisateur', 'email_utilisateur', 'password_utilisateur'),
(266, 'nom_utilisateur', 'email_utilisateur', 'password_utilisateur'),
(267, 'nom_utilisateur', 'email_utilisateur', 'password_utilisateur'),
(268, 'nom_utilisateur', 'email_utilisateur', 'password_utilisateur'),
(269, 'nom_utilisateur', 'email_utilisateur', 'password_utilisateur'),
(270, 'nom_utilisateur', 'email_utilisateur', 'password_utilisateur'),
(271, 'nom_utilisateur', 'email_utilisateur', 'password_utilisateur'),
(272, 'nom_utilisateur', 'email_utilisateur', 'password_utilisateur'),
(273, 'nom_utilisateur', 'email_utilisateur', 'password_utilisateur'),
(274, 'nom_utilisateur', 'email_utilisateur', 'password_utilisateur'),
(275, 'nom_utilisateur', 'email_utilisateur', 'password_utilisateur'),
(276, 'nom_utilisateur', 'email_utilisateur', 'password_utilisateur'),
(277, 'nom_utilisateur', 'email_utilisateur', 'password_utilisateur'),
(278, 'nom_utilisateur', 'email_utilisateur', 'password_utilisateur'),
(279, 'nom_utilisateur', 'email_utilisateur', 'password_utilisateur'),
(280, 'nom_utilisateur', 'email_utilisateur', 'password_utilisateur'),
(281, 'nom_utilisateur', 'email_utilisateur', 'password_utilisateur'),
(282, 'nom_utilisateur', 'email_utilisateur', 'password_utilisateur'),
(283, 'nom_utilisateur', 'email_utilisateur', 'password_utilisateur'),
(284, 'nom_utilisateur', 'email_utilisateur', 'password_utilisateur'),
(285, 'nom_utilisateur', 'email_utilisateur', 'password_utilisateur'),
(286, 'nom_utilisateur', 'email_utilisateur', 'password_utilisateur'),
(287, 'nom_utilisateur', 'email_utilisateur', 'password_utilisateur'),
(288, 'nom_utilisateur', 'email_utilisateur', 'password_utilisateur'),
(289, 'nom_utilisateur', 'email_utilisateur', 'password_utilisateur'),
(290, 'nom_utilisateur', 'email_utilisateur', 'password_utilisateur'),
(291, 'nom_utilisateur', 'email_utilisateur', 'password_utilisateur'),
(292, 'nom_utilisateur', 'email_utilisateur', 'password_utilisateur'),
(293, 'nom_utilisateur', 'email_utilisateur', 'password_utilisateur'),
(294, 'nom_utilisateur', 'email_utilisateur', 'password_utilisateur'),
(295, 'nom_utilisateur', 'email_utilisateur', 'password_utilisateur'),
(296, 'nom_utilisateur', 'email_utilisateur', 'password_utilisateur'),
(297, 'nom_utilisateur', 'email_utilisateur', 'password_utilisateur'),
(298, 'nom_utilisateur', 'email_utilisateur', 'password_utilisateur'),
(299, 'nom_utilisateur', 'email_utilisateur', 'password_utilisateur'),
(300, 'nom_utilisateur', 'email_utilisateur', 'password_utilisateur'),
(301, 'nom_utilisateur', 'email_utilisateur', 'password_utilisateur'),
(302, 'nom_utilisateur', 'email_utilisateur', 'password_utilisateur'),
(303, 'nom_utilisateur', 'email_utilisateur', 'password_utilisateur'),
(304, 'nom_utilisateur', 'email_utilisateur', 'password_utilisateur'),
(305, 'nom_utilisateur', 'email_utilisateur', 'password_utilisateur'),
(306, 'nom_utilisateur', 'email_utilisateur', 'password_utilisateur'),
(307, 'nom_utilisateur', 'email_utilisateur', 'password_utilisateur'),
(308, 'nom_utilisateur', 'email_utilisateur', 'password_utilisateur'),
(309, 'nom_utilisateur', 'email_utilisateur', 'password_utilisateur'),
(310, 'nom_utilisateur', 'email_utilisateur', 'password_utilisateur'),
(311, 'nom_utilisateur', 'email_utilisateur', 'password_utilisateur'),
(312, 'nom_utilisateur', 'email_utilisateur', 'password_utilisateur'),
(313, 'nom_utilisateur', 'email_utilisateur', 'password_utilisateur'),
(314, 'nom_utilisateur', 'email_utilisateur', 'password_utilisateur'),
(315, 'nom_utilisateur', 'email_utilisateur', 'password_utilisateur'),
(316, 'nom_utilisateur', 'email_utilisateur', 'password_utilisateur'),
(317, 'nom_utilisateur', 'email_utilisateur', 'password_utilisateur'),
(318, 'nom_utilisateur', 'email_utilisateur', 'password_utilisateur'),
(319, 'nom_utilisateur', 'email_utilisateur', 'password_utilisateur'),
(320, 'nom_utilisateur', 'email_utilisateur', 'password_utilisateur'),
(321, 'nom_utilisateur', 'email_utilisateur', 'password_utilisateur'),
(322, 'nom_utilisateur', 'email_utilisateur', 'password_utilisateur'),
(323, 'nom_utilisateur', 'email_utilisateur', 'password_utilisateur'),
(324, 'nom_utilisateur', 'email_utilisateur', 'password_utilisateur'),
(325, 'nom_utilisateur', 'email_utilisateur', 'password_utilisateur'),
(326, 'nom_utilisateur', 'email_utilisateur', 'password_utilisateur'),
(327, 'nom_utilisateur', 'email_utilisateur', 'password_utilisateur'),
(328, 'nom_utilisateur', 'email_utilisateur', 'password_utilisateur'),
(329, 'nom_utilisateur', 'email_utilisateur', 'password_utilisateur'),
(330, 'nom_utilisateur', 'email_utilisateur', 'password_utilisateur'),
(331, 'nom_utilisateur', 'email_utilisateur', 'password_utilisateur'),
(332, 'nom_utilisateur', 'email_utilisateur', 'password_utilisateur'),
(333, 'nom_utilisateur', 'email_utilisateur', 'password_utilisateur'),
(334, 'nom_utilisateur', 'email_utilisateur', 'password_utilisateur'),
(335, 'nom_utilisateur', 'email_utilisateur', 'password_utilisateur'),
(336, 'nom_utilisateur', 'email_utilisateur', 'password_utilisateur'),
(337, 'nom_utilisateur', 'email_utilisateur', 'password_utilisateur'),
(338, 'nom_utilisateur', 'email_utilisateur', 'password_utilisateur'),
(339, 'nom_utilisateur', 'email_utilisateur', 'password_utilisateur'),
(340, 'nom_utilisateur', 'email_utilisateur', 'password_utilisateur'),
(341, 'nom_utilisateur', 'email_utilisateur', 'password_utilisateur'),
(342, 'nom_utilisateur', 'email_utilisateur', 'password_utilisateur'),
(343, 'nom_utilisateur', 'email_utilisateur', 'password_utilisateur'),
(344, 'nom_utilisateur', 'email_utilisateur', 'password_utilisateur'),
(345, 'nom_utilisateur', 'email_utilisateur', 'password_utilisateur'),
(346, 'nom_utilisateur', 'email_utilisateur', 'password_utilisateur'),
(347, 'nom_utilisateur', 'email_utilisateur', 'password_utilisateur'),
(348, 'nom_utilisateur', 'email_utilisateur', 'password_utilisateur'),
(349, 'nom_utilisateur', 'email_utilisateur', 'password_utilisateur'),
(350, 'nom_utilisateur', 'email_utilisateur', 'password_utilisateur'),
(351, 'nom_utilisateur', 'email_utilisateur', 'password_utilisateur'),
(352, 'nom_utilisateur', 'email_utilisateur', 'password_utilisateur'),
(353, 'nom_utilisateur', 'email_utilisateur', 'password_utilisateur'),
(354, 'nom_utilisateur', 'email_utilisateur', 'password_utilisateur'),
(355, 'nom_utilisateur', 'email_utilisateur', 'password_utilisateur'),
(356, 'nom_utilisateur', 'email_utilisateur', 'password_utilisateur'),
(357, 'nom_utilisateur', 'email_utilisateur', 'password_utilisateur'),
(358, 'nom_utilisateur', 'email_utilisateur', 'password_utilisateur'),
(359, 'nom_utilisateur', 'email_utilisateur', 'password_utilisateur'),
(360, 'nom_utilisateur', 'email_utilisateur', 'password_utilisateur'),
(361, 'nom_utilisateur', 'email_utilisateur', 'password_utilisateur'),
(362, 'nom_utilisateur', 'email_utilisateur', 'password_utilisateur'),
(363, 'nom_utilisateur', 'email_utilisateur', 'password_utilisateur'),
(364, 'nom_utilisateur', 'email_utilisateur', 'password_utilisateur'),
(365, 'nom_utilisateur', 'email_utilisateur', 'password_utilisateur'),
(366, 'nom_utilisateur', 'email_utilisateur', 'password_utilisateur'),
(367, 'nom_utilisateur', 'email_utilisateur', 'password_utilisateur'),
(368, 'nom_utilisateur', 'email_utilisateur', 'password_utilisateur'),
(369, 'nom_utilisateur', 'email_utilisateur', 'password_utilisateur'),
(370, 'nom_utilisateur', 'email_utilisateur', 'password_utilisateur'),
(371, 'nom_utilisateur', 'email_utilisateur', 'password_utilisateur'),
(372, 'nom_utilisateur', 'email_utilisateur', 'password_utilisateur'),
(373, 'nom_utilisateur', 'email_utilisateur', 'password_utilisateur'),
(374, 'nom_utilisateur', 'email_utilisateur', 'password_utilisateur'),
(375, 'nom_utilisateur', 'email_utilisateur', 'password_utilisateur'),
(376, 'nom_utilisateur', 'email_utilisateur', 'password_utilisateur'),
(377, 'nom_utilisateur', 'email_utilisateur', 'password_utilisateur'),
(378, 'nom_utilisateur', 'email_utilisateur', 'password_utilisateur'),
(379, 'nom_utilisateur', 'email_utilisateur', 'password_utilisateur'),
(380, 'nom_utilisateur', 'email_utilisateur', 'password_utilisateur'),
(381, 'nom_utilisateur', 'email_utilisateur', 'password_utilisateur'),
(382, 'nom_utilisateur', 'email_utilisateur', 'password_utilisateur'),
(383, 'nom_utilisateur', 'email_utilisateur', 'password_utilisateur'),
(384, 'nom_utilisateur', 'email_utilisateur', 'password_utilisateur'),
(385, 'nom_utilisateur', 'email_utilisateur', 'password_utilisateur'),
(386, 'nom_utilisateur', 'email_utilisateur', 'password_utilisateur'),
(387, 'nom_utilisateur', 'email_utilisateur', 'password_utilisateur'),
(388, 'nom_utilisateur', 'email_utilisateur', 'password_utilisateur'),
(389, 'nom_utilisateur', 'email_utilisateur', 'password_utilisateur'),
(390, 'nom_utilisateur', 'email_utilisateur', 'password_utilisateur'),
(391, 'nom_utilisateur', 'email_utilisateur', 'password_utilisateur'),
(392, 'nom_utilisateur', 'email_utilisateur', 'password_utilisateur'),
(393, 'nom_utilisateur', 'email_utilisateur', 'password_utilisateur'),
(394, 'nom_utilisateur', 'email_utilisateur', 'password_utilisateur'),
(395, 'nom_utilisateur', 'email_utilisateur', 'password_utilisateur'),
(396, 'nom_utilisateur', 'email_utilisateur', 'password_utilisateur'),
(397, 'nom_utilisateur', 'email_utilisateur', 'password_utilisateur'),
(398, 'nom_utilisateur', 'email_utilisateur', 'password_utilisateur'),
(399, 'nom_utilisateur', 'email_utilisateur', 'password_utilisateur'),
(400, 'nom_utilisateur', 'email_utilisateur', 'password_utilisateur'),
(401, 'nom_utilisateur', 'email_utilisateur', 'password_utilisateur'),
(402, 'nom_utilisateur', 'email_utilisateur', 'password_utilisateur'),
(403, 'nom_utilisateur', 'email_utilisateur', 'password_utilisateur'),
(404, 'nom_utilisateur', 'email_utilisateur', 'password_utilisateur'),
(405, 'nom_utilisateur', 'email_utilisateur', 'password_utilisateur'),
(406, 'nom_utilisateur', 'email_utilisateur', 'password_utilisateur'),
(407, 'nom_utilisateur', 'email_utilisateur', 'password_utilisateur'),
(408, 'nom_utilisateur', 'email_utilisateur', 'password_utilisateur'),
(409, 'nom_utilisateur', 'email_utilisateur', 'password_utilisateur'),
(410, 'nom_utilisateur', 'email_utilisateur', 'password_utilisateur'),
(411, 'nom_utilisateur', 'email_utilisateur', 'password_utilisateur'),
(412, 'nom_utilisateur', 'email_utilisateur', 'password_utilisateur'),
(413, 'nom_utilisateur', 'email_utilisateur', 'password_utilisateur'),
(414, 'nom_utilisateur', 'email_utilisateur', 'password_utilisateur'),
(415, 'nom_utilisateur', 'email_utilisateur', 'password_utilisateur'),
(416, 'nom_utilisateur', 'email_utilisateur', 'password_utilisateur'),
(417, 'nom_utilisateur', 'email_utilisateur', 'password_utilisateur'),
(418, 'nom_utilisateur', 'email_utilisateur', 'password_utilisateur'),
(419, 'nom_utilisateur', 'email_utilisateur', 'password_utilisateur'),
(420, 'nom_utilisateur', 'email_utilisateur', 'password_utilisateur'),
(421, 'nom_utilisateur', 'email_utilisateur', 'password_utilisateur'),
(422, 'nom_utilisateur', 'email_utilisateur', 'password_utilisateur'),
(423, 'nom_utilisateur', 'email_utilisateur', 'password_utilisateur'),
(424, 'nom_utilisateur', 'email_utilisateur', 'password_utilisateur'),
(425, 'nom_utilisateur', 'email_utilisateur', 'password_utilisateur'),
(426, 'nom_utilisateur', 'email_utilisateur', 'password_utilisateur'),
(427, 'nom_utilisateur', 'email_utilisateur', 'password_utilisateur'),
(428, 'nom_utilisateur', 'email_utilisateur', 'password_utilisateur'),
(429, 'nom_utilisateur', 'email_utilisateur', 'password_utilisateur'),
(430, 'nom_utilisateur', 'email_utilisateur', 'password_utilisateur'),
(431, 'nom_utilisateur', 'email_utilisateur', 'password_utilisateur'),
(432, 'nom_utilisateur', 'email_utilisateur', 'password_utilisateur'),
(433, 'nom_utilisateur', 'email_utilisateur', 'password_utilisateur'),
(434, 'nom_utilisateur', 'email_utilisateur', 'password_utilisateur'),
(435, 'nom_utilisateur', 'email_utilisateur', 'password_utilisateur'),
(436, 'nom_utilisateur', 'email_utilisateur', 'password_utilisateur'),
(437, 'nom_utilisateur', 'email_utilisateur', 'password_utilisateur'),
(438, 'nom_utilisateur', 'email_utilisateur', 'password_utilisateur'),
(439, 'nom_utilisateur', 'email_utilisateur', 'password_utilisateur'),
(440, 'nom_utilisateur', 'email_utilisateur', 'password_utilisateur'),
(441, 'nom_utilisateur', 'email_utilisateur', 'password_utilisateur'),
(442, 'nom_utilisateur', 'email_utilisateur', 'password_utilisateur'),
(443, 'nom_utilisateur', 'email_utilisateur', 'password_utilisateur'),
(444, 'nom_utilisateur', 'email_utilisateur', 'password_utilisateur'),
(445, 'nom_utilisateur', 'email_utilisateur', 'password_utilisateur'),
(446, 'nom_utilisateur', 'email_utilisateur', 'password_utilisateur'),
(447, 'nom_utilisateur', 'email_utilisateur', 'password_utilisateur'),
(448, 'nom_utilisateur', 'email_utilisateur', 'password_utilisateur'),
(449, 'nom_utilisateur', 'email_utilisateur', 'password_utilisateur'),
(450, 'nom_utilisateur', 'email_utilisateur', 'password_utilisateur'),
(451, 'nom_utilisateur', 'email_utilisateur', 'password_utilisateur'),
(452, 'nom_utilisateur', 'email_utilisateur', 'password_utilisateur'),
(453, 'nom_utilisateur', 'email_utilisateur', 'password_utilisateur'),
(454, 'nom_utilisateur', 'email_utilisateur', 'password_utilisateur'),
(455, 'nom_utilisateur', 'email_utilisateur', 'password_utilisateur'),
(456, 'nom_utilisateur', 'email_utilisateur', 'password_utilisateur'),
(457, 'nom_utilisateur', 'email_utilisateur', 'password_utilisateur'),
(458, 'nom_utilisateur', 'email_utilisateur', 'password_utilisateur'),
(459, 'nom_utilisateur', 'email_utilisateur', 'password_utilisateur'),
(460, 'nom_utilisateur', 'email_utilisateur', 'password_utilisateur'),
(461, 'nom_utilisateur', 'email_utilisateur', 'password_utilisateur'),
(462, 'nom_utilisateur', 'email_utilisateur', 'password_utilisateur'),
(463, 'nom_utilisateur', 'email_utilisateur', 'password_utilisateur'),
(464, 'nom_utilisateur', 'email_utilisateur', 'password_utilisateur'),
(465, 'nom_utilisateur', 'email_utilisateur', 'password_utilisateur'),
(466, 'nom_utilisateur', 'email_utilisateur', 'password_utilisateur'),
(467, 'nom_utilisateur', 'email_utilisateur', 'password_utilisateur'),
(468, 'nom_utilisateur', 'email_utilisateur', 'password_utilisateur'),
(469, 'nom_utilisateur', 'email_utilisateur', 'password_utilisateur'),
(470, 'nom_utilisateur', 'email_utilisateur', 'password_utilisateur'),
(471, 'nom_utilisateur', 'email_utilisateur', 'password_utilisateur'),
(472, 'nom_utilisateur', 'email_utilisateur', 'password_utilisateur'),
(473, 'nom_utilisateur', 'email_utilisateur', 'password_utilisateur'),
(474, 'nom_utilisateur', 'email_utilisateur', 'password_utilisateur'),
(475, 'nom_utilisateur', 'email_utilisateur', 'password_utilisateur'),
(476, 'nom_utilisateur', 'email_utilisateur', 'password_utilisateur'),
(477, 'nom_utilisateur', 'email_utilisateur', 'password_utilisateur'),
(478, 'nom_utilisateur', 'email_utilisateur', 'password_utilisateur'),
(479, 'nom_utilisateur', 'email_utilisateur', 'password_utilisateur'),
(480, 'nom_utilisateur', 'email_utilisateur', 'password_utilisateur'),
(481, 'nom_utilisateur', 'email_utilisateur', 'password_utilisateur'),
(482, 'nom_utilisateur', 'email_utilisateur', 'password_utilisateur'),
(483, 'nom_utilisateur', 'email_utilisateur', 'password_utilisateur'),
(484, 'nom_utilisateur', 'email_utilisateur', 'password_utilisateur'),
(485, 'nom_utilisateur', 'email_utilisateur', 'password_utilisateur'),
(486, 'nom_utilisateur', 'email_utilisateur', 'password_utilisateur'),
(487, 'nom_utilisateur', 'email_utilisateur', 'password_utilisateur'),
(488, 'nom_utilisateur', 'email_utilisateur', 'password_utilisateur'),
(489, 'nom_utilisateur', 'email_utilisateur', 'password_utilisateur'),
(490, 'nom_utilisateur', 'email_utilisateur', 'password_utilisateur'),
(491, 'nom_utilisateur', 'email_utilisateur', 'password_utilisateur'),
(492, 'nom_utilisateur', 'email_utilisateur', 'password_utilisateur'),
(493, 'nom_utilisateur', 'email_utilisateur', 'password_utilisateur'),
(494, 'nom_utilisateur', 'email_utilisateur', 'password_utilisateur'),
(495, 'nom_utilisateur', 'email_utilisateur', 'password_utilisateur'),
(496, 'nom_utilisateur', 'email_utilisateur', 'password_utilisateur'),
(497, 'nom_utilisateur', 'email_utilisateur', 'password_utilisateur'),
(498, 'nom_utilisateur', 'email_utilisateur', 'password_utilisateur'),
(499, 'nom_utilisateur', 'email_utilisateur', 'password_utilisateur'),
(500, 'nom_utilisateur', 'email_utilisateur', 'password_utilisateur'),
(501, 'nom_utilisateur', 'email_utilisateur', 'password_utilisateur'),
(502, 'nom_utilisateur', 'email_utilisateur', 'password_utilisateur'),
(503, 'nom_utilisateur', 'email_utilisateur', 'password_utilisateur'),
(504, 'nom_utilisateur', 'email_utilisateur', 'password_utilisateur'),
(505, 'nom_utilisateur', 'email_utilisateur', 'password_utilisateur'),
(506, 'nom_utilisateur', 'email_utilisateur', 'password_utilisateur'),
(507, 'nom_utilisateur', 'email_utilisateur', 'password_utilisateur'),
(508, 'nom_utilisateur', 'email_utilisateur', 'password_utilisateur'),
(509, 'nom_utilisateur', 'email_utilisateur', 'password_utilisateur'),
(510, 'nom_utilisateur', 'email_utilisateur', 'password_utilisateur'),
(511, 'nom_utilisateur', 'email_utilisateur', 'password_utilisateur'),
(512, 'nom_utilisateur', 'email_utilisateur', 'password_utilisateur'),
(513, 'nom_utilisateur', 'email_utilisateur', 'password_utilisateur'),
(514, 'nom_utilisateur', 'email_utilisateur', 'password_utilisateur'),
(515, 'nom_utilisateur', 'email_utilisateur', 'password_utilisateur'),
(516, 'nom_utilisateur', 'email_utilisateur', 'password_utilisateur'),
(517, 'nom_utilisateur', 'email_utilisateur', 'password_utilisateur'),
(518, 'nom_utilisateur', 'email_utilisateur', 'password_utilisateur'),
(519, 'nom_utilisateur', 'email_utilisateur', 'password_utilisateur'),
(520, 'nom_utilisateur', 'email_utilisateur', 'password_utilisateur'),
(521, 'nom_utilisateur', 'email_utilisateur', 'password_utilisateur'),
(522, 'nom_utilisateur', 'email_utilisateur', 'password_utilisateur'),
(523, 'nom_utilisateur', 'email_utilisateur', 'password_utilisateur'),
(524, 'nom_utilisateur', 'email_utilisateur', 'password_utilisateur'),
(525, 'nom_utilisateur', 'email_utilisateur', 'password_utilisateur'),
(526, 'nom_utilisateur', 'email_utilisateur', 'password_utilisateur'),
(527, 'nom_utilisateur', 'email_utilisateur', 'password_utilisateur'),
(528, 'nom_utilisateur', 'email_utilisateur', 'password_utilisateur'),
(529, 'nom_utilisateur', 'email_utilisateur', 'password_utilisateur'),
(530, 'nom_utilisateur', 'email_utilisateur', 'password_utilisateur'),
(531, 'nom_utilisateur', 'email_utilisateur', 'password_utilisateur'),
(532, 'nom_utilisateur', 'email_utilisateur', 'password_utilisateur'),
(533, 'nom_utilisateur', 'email_utilisateur', 'password_utilisateur'),
(534, 'nom_utilisateur', 'email_utilisateur', 'password_utilisateur'),
(535, 'nom_utilisateur', 'email_utilisateur', 'password_utilisateur'),
(536, 'nom_utilisateur', 'email_utilisateur', 'password_utilisateur'),
(537, 'nom_utilisateur', 'email_utilisateur', 'password_utilisateur'),
(538, 'nom_utilisateur', 'email_utilisateur', 'password_utilisateur'),
(539, 'nom_utilisateur', 'email_utilisateur', 'password_utilisateur'),
(540, 'nom_utilisateur', 'email_utilisateur', 'password_utilisateur'),
(541, 'nom_utilisateur', 'email_utilisateur', 'password_utilisateur'),
(542, 'nom_utilisateur', 'email_utilisateur', 'password_utilisateur'),
(543, 'nom_utilisateur', 'email_utilisateur', 'password_utilisateur'),
(544, 'nom_utilisateur', 'email_utilisateur', 'password_utilisateur'),
(545, 'nom_utilisateur', 'email_utilisateur', 'password_utilisateur'),
(546, 'nom_utilisateur', 'email_utilisateur', 'password_utilisateur'),
(547, 'nom_utilisateur', 'email_utilisateur', 'password_utilisateur'),
(548, 'nom_utilisateur', 'email_utilisateur', 'password_utilisateur'),
(549, 'nom_utilisateur', 'email_utilisateur', 'password_utilisateur'),
(550, 'nom_utilisateur', 'email_utilisateur', 'password_utilisateur'),
(551, 'nom_utilisateur', 'email_utilisateur', 'password_utilisateur'),
(552, 'nom_utilisateur', 'email_utilisateur', 'password_utilisateur'),
(553, 'nom_utilisateur', 'email_utilisateur', 'password_utilisateur'),
(554, 'nom_utilisateur', 'email_utilisateur', 'password_utilisateur'),
(555, 'nom_utilisateur', 'email_utilisateur', 'password_utilisateur'),
(556, 'nom_utilisateur', 'email_utilisateur', 'password_utilisateur'),
(557, 'nom_utilisateur', 'email_utilisateur', 'password_utilisateur'),
(558, 'nom_utilisateur', 'email_utilisateur', 'password_utilisateur'),
(559, 'nom_utilisateur', 'email_utilisateur', 'password_utilisateur'),
(560, 'nom_utilisateur', 'email_utilisateur', 'password_utilisateur'),
(561, 'nom_utilisateur', 'email_utilisateur', 'password_utilisateur'),
(562, 'nom_utilisateur', 'email_utilisateur', 'password_utilisateur'),
(563, 'nom_utilisateur', 'email_utilisateur', 'password_utilisateur'),
(564, 'nom_utilisateur', 'email_utilisateur', 'password_utilisateur'),
(565, 'nom_utilisateur', 'email_utilisateur', 'password_utilisateur'),
(566, 'nom_utilisateur', 'email_utilisateur', 'password_utilisateur'),
(567, 'nom_utilisateur', 'email_utilisateur', 'password_utilisateur'),
(568, 'nom_utilisateur', 'email_utilisateur', 'password_utilisateur'),
(569, 'nom_utilisateur', 'email_utilisateur', 'password_utilisateur'),
(570, 'nom_utilisateur', 'email_utilisateur', 'password_utilisateur'),
(571, 'nom_utilisateur', 'email_utilisateur', 'password_utilisateur'),
(572, 'nom_utilisateur', 'email_utilisateur', 'password_utilisateur'),
(573, 'nom_utilisateur', 'email_utilisateur', 'password_utilisateur'),
(574, 'nom_utilisateur', 'email_utilisateur', 'password_utilisateur'),
(575, 'nom_utilisateur', 'email_utilisateur', 'password_utilisateur'),
(576, 'nom_utilisateur', 'email_utilisateur', 'password_utilisateur'),
(577, 'nom_utilisateur', 'email_utilisateur', 'password_utilisateur'),
(578, 'nom_utilisateur', 'email_utilisateur', 'password_utilisateur'),
(579, 'nom_utilisateur', 'email_utilisateur', 'password_utilisateur'),
(580, 'nom_utilisateur', 'email_utilisateur', 'password_utilisateur'),
(581, 'nom_utilisateur', 'email_utilisateur', 'password_utilisateur'),
(582, 'nom_utilisateur', 'email_utilisateur', 'password_utilisateur'),
(583, 'nom_utilisateur', 'email_utilisateur', 'password_utilisateur'),
(584, 'nom_utilisateur', 'email_utilisateur', 'password_utilisateur'),
(585, 'nom_utilisateur', 'email_utilisateur', 'password_utilisateur'),
(586, 'nom_utilisateur', 'email_utilisateur', 'password_utilisateur'),
(587, 'nom_utilisateur', 'email_utilisateur', 'password_utilisateur'),
(588, 'nom_utilisateur', 'email_utilisateur', 'password_utilisateur'),
(589, 'nom_utilisateur', 'email_utilisateur', 'password_utilisateur'),
(590, 'nom_utilisateur', 'email_utilisateur', 'password_utilisateur'),
(591, 'nom_utilisateur', 'email_utilisateur', 'password_utilisateur'),
(592, 'nom_utilisateur', 'email_utilisateur', 'password_utilisateur'),
(593, 'nom_utilisateur', 'email_utilisateur', 'password_utilisateur'),
(594, 'nom_utilisateur', 'email_utilisateur', 'password_utilisateur'),
(595, 'nom_utilisateur', 'email_utilisateur', 'password_utilisateur'),
(596, 'nom_utilisateur', 'email_utilisateur', 'password_utilisateur'),
(597, 'nom_utilisateur', 'email_utilisateur', 'password_utilisateur'),
(598, 'nom_utilisateur', 'email_utilisateur', 'password_utilisateur'),
(599, 'nom_utilisateur', 'email_utilisateur', 'password_utilisateur'),
(600, 'nom_utilisateur', 'email_utilisateur', 'password_utilisateur'),
(601, 'nom_utilisateur', 'email_utilisateur', 'password_utilisateur'),
(602, 'nom_utilisateur', 'email_utilisateur', 'password_utilisateur'),
(603, 'nom_utilisateur', 'email_utilisateur', 'password_utilisateur'),
(604, 'nom_utilisateur', 'email_utilisateur', 'password_utilisateur'),
(605, 'nom_utilisateur', 'email_utilisateur', 'password_utilisateur'),
(606, 'nom_utilisateur', 'email_utilisateur', 'password_utilisateur'),
(607, 'nom_utilisateur', 'email_utilisateur', 'password_utilisateur'),
(608, 'nom_utilisateur', 'email_utilisateur', 'password_utilisateur'),
(609, 'nom_utilisateur', 'email_utilisateur', 'password_utilisateur'),
(610, 'nom_utilisateur', 'email_utilisateur', 'password_utilisateur'),
(611, 'nom_utilisateur', 'email_utilisateur', 'password_utilisateur'),
(612, 'nom_utilisateur', 'email_utilisateur', 'password_utilisateur'),
(613, 'nom_utilisateur', 'email_utilisateur', 'password_utilisateur'),
(614, 'nom_utilisateur', 'email_utilisateur', 'password_utilisateur'),
(615, 'nom_utilisateur', 'email_utilisateur', 'password_utilisateur'),
(616, 'nom_utilisateur', 'email_utilisateur', 'password_utilisateur'),
(617, 'nom_utilisateur', 'email_utilisateur', 'password_utilisateur'),
(618, 'nom_utilisateur', 'email_utilisateur', 'password_utilisateur'),
(619, 'nom_utilisateur', 'email_utilisateur', 'password_utilisateur'),
(620, 'nom_utilisateur', 'email_utilisateur', 'password_utilisateur'),
(621, 'nom_utilisateur', 'email_utilisateur', 'password_utilisateur'),
(622, 'nom_utilisateur', 'email_utilisateur', 'password_utilisateur'),
(623, 'nom_utilisateur', 'email_utilisateur', 'password_utilisateur'),
(624, 'nom_utilisateur', 'email_utilisateur', 'password_utilisateur'),
(625, 'nom_utilisateur', 'email_utilisateur', 'password_utilisateur'),
(626, 'nom_utilisateur', 'email_utilisateur', 'password_utilisateur'),
(627, 'nom_utilisateur', 'email_utilisateur', 'password_utilisateur'),
(628, 'nom_utilisateur', 'email_utilisateur', 'password_utilisateur'),
(629, 'nom_utilisateur', 'email_utilisateur', 'password_utilisateur'),
(630, 'nom_utilisateur', 'email_utilisateur', 'password_utilisateur'),
(631, 'nom_utilisateur', 'email_utilisateur', 'password_utilisateur'),
(632, 'nom_utilisateur', 'email_utilisateur', 'password_utilisateur'),
(633, 'nom_utilisateur', 'email_utilisateur', 'password_utilisateur'),
(634, 'nom_utilisateur', 'email_utilisateur', 'password_utilisateur'),
(635, 'nom_utilisateur', 'email_utilisateur', 'password_utilisateur'),
(636, 'nom_utilisateur', 'email_utilisateur', 'password_utilisateur'),
(637, 'nom_utilisateur', 'email_utilisateur', 'password_utilisateur'),
(638, 'nom_utilisateur', 'email_utilisateur', 'password_utilisateur'),
(639, 'nom_utilisateur', 'email_utilisateur', 'password_utilisateur'),
(640, 'nom_utilisateur', 'email_utilisateur', 'password_utilisateur'),
(641, 'nom_utilisateur', 'email_utilisateur', 'password_utilisateur'),
(642, 'nom_utilisateur', 'email_utilisateur', 'password_utilisateur'),
(643, 'nom_utilisateur', 'email_utilisateur', 'password_utilisateur'),
(644, 'nom_utilisateur', 'email_utilisateur', 'password_utilisateur'),
(645, 'nom_utilisateur', 'email_utilisateur', 'password_utilisateur'),
(646, 'nom_utilisateur', 'email_utilisateur', 'password_utilisateur'),
(647, 'nom_utilisateur', 'email_utilisateur', 'password_utilisateur'),
(648, 'nom_utilisateur', 'email_utilisateur', 'password_utilisateur'),
(649, 'nom_utilisateur', 'email_utilisateur', 'password_utilisateur'),
(650, 'nom_utilisateur', 'email_utilisateur', 'password_utilisateur'),
(651, 'nom_utilisateur', 'email_utilisateur', 'password_utilisateur'),
(652, 'nom_utilisateur', 'email_utilisateur', 'password_utilisateur'),
(653, 'nom_utilisateur', 'email_utilisateur', 'password_utilisateur'),
(654, 'nom_utilisateur', 'email_utilisateur', 'password_utilisateur'),
(655, 'nom_utilisateur', 'email_utilisateur', 'password_utilisateur'),
(656, 'nom_utilisateur', 'email_utilisateur', 'password_utilisateur'),
(657, 'nom_utilisateur', 'email_utilisateur', 'password_utilisateur'),
(658, 'nom_utilisateur', 'email_utilisateur', 'password_utilisateur'),
(659, 'nom_utilisateur', 'email_utilisateur', 'password_utilisateur'),
(660, 'nom_utilisateur', 'email_utilisateur', 'password_utilisateur'),
(661, 'nom_utilisateur', 'email_utilisateur', 'password_utilisateur'),
(662, 'nom_utilisateur', 'email_utilisateur', 'password_utilisateur'),
(663, 'nom_utilisateur', 'email_utilisateur', 'password_utilisateur'),
(664, 'nom_utilisateur', 'email_utilisateur', 'password_utilisateur'),
(665, 'nom_utilisateur', 'email_utilisateur', 'password_utilisateur'),
(666, 'nom_utilisateur', 'email_utilisateur', 'password_utilisateur'),
(667, 'nom_utilisateur', 'email_utilisateur', 'password_utilisateur'),
(668, 'nom_utilisateur', 'email_utilisateur', 'password_utilisateur'),
(669, 'nom_utilisateur', 'email_utilisateur', 'password_utilisateur'),
(670, 'nom_utilisateur', 'email_utilisateur', 'password_utilisateur'),
(671, 'nom_utilisateur', 'email_utilisateur', 'password_utilisateur'),
(672, 'nom_utilisateur', 'email_utilisateur', 'password_utilisateur'),
(673, 'nom_utilisateur', 'email_utilisateur', 'password_utilisateur'),
(674, 'nom_utilisateur', 'email_utilisateur', 'password_utilisateur'),
(675, 'nom_utilisateur', 'email_utilisateur', 'password_utilisateur'),
(676, 'nom_utilisateur', 'email_utilisateur', 'password_utilisateur'),
(677, 'nom_utilisateur', 'email_utilisateur', 'password_utilisateur'),
(678, 'nom_utilisateur', 'email_utilisateur', 'password_utilisateur'),
(679, 'nom_utilisateur', 'email_utilisateur', 'password_utilisateur'),
(680, 'nom_utilisateur', 'email_utilisateur', 'password_utilisateur'),
(681, 'nom_utilisateur', 'email_utilisateur', 'password_utilisateur'),
(682, 'nom_utilisateur', 'email_utilisateur', 'password_utilisateur'),
(683, 'nom_utilisateur', 'email_utilisateur', 'password_utilisateur'),
(684, 'nom_utilisateur', 'email_utilisateur', 'password_utilisateur'),
(685, 'nom_utilisateur', 'email_utilisateur', 'password_utilisateur'),
(686, 'nom_utilisateur', 'email_utilisateur', 'password_utilisateur'),
(687, 'nom_utilisateur', 'email_utilisateur', 'password_utilisateur'),
(688, 'nom_utilisateur', 'email_utilisateur', 'password_utilisateur'),
(689, 'nom_utilisateur', 'email_utilisateur', 'password_utilisateur'),
(690, 'nom_utilisateur', 'email_utilisateur', 'password_utilisateur'),
(691, 'nom_utilisateur', 'email_utilisateur', 'password_utilisateur'),
(692, 'nom_utilisateur', 'email_utilisateur', 'password_utilisateur'),
(693, 'nom_utilisateur', 'email_utilisateur', 'password_utilisateur'),
(694, 'nom_utilisateur', 'email_utilisateur', 'password_utilisateur'),
(695, 'nom_utilisateur', 'email_utilisateur', 'password_utilisateur'),
(696, 'nom_utilisateur', 'email_utilisateur', 'password_utilisateur'),
(697, 'nom_utilisateur', 'email_utilisateur', 'password_utilisateur'),
(698, 'nom_utilisateur', 'email_utilisateur', 'password_utilisateur'),
(699, 'nom_utilisateur', 'email_utilisateur', 'password_utilisateur'),
(700, 'nom_utilisateur', 'email_utilisateur', 'password_utilisateur'),
(701, 'nom_utilisateur', 'email_utilisateur', 'password_utilisateur'),
(702, 'nom_utilisateur', 'email_utilisateur', 'password_utilisateur'),
(703, 'nom_utilisateur', 'email_utilisateur', 'password_utilisateur'),
(704, 'nom_utilisateur', 'email_utilisateur', 'password_utilisateur'),
(705, 'nom_utilisateur', 'email_utilisateur', 'password_utilisateur'),
(706, 'nom_utilisateur', 'email_utilisateur', 'password_utilisateur'),
(707, 'nom_utilisateur', 'email_utilisateur', 'password_utilisateur'),
(708, 'nom_utilisateur', 'email_utilisateur', 'password_utilisateur'),
(709, 'nom_utilisateur', 'email_utilisateur', 'password_utilisateur'),
(710, 'nom_utilisateur', 'email_utilisateur', 'password_utilisateur'),
(711, 'nom_utilisateur', 'email_utilisateur', 'password_utilisateur'),
(712, 'nom_utilisateur', 'email_utilisateur', 'password_utilisateur'),
(713, 'nom_utilisateur', 'email_utilisateur', 'password_utilisateur'),
(714, 'nom_utilisateur', 'email_utilisateur', 'password_utilisateur'),
(715, 'nom_utilisateur', 'email_utilisateur', 'password_utilisateur'),
(716, 'nom_utilisateur', 'email_utilisateur', 'password_utilisateur'),
(717, 'nom_utilisateur', 'email_utilisateur', 'password_utilisateur'),
(718, 'nom_utilisateur', 'email_utilisateur', 'password_utilisateur'),
(719, 'nom_utilisateur', 'email_utilisateur', 'password_utilisateur'),
(720, 'nom_utilisateur', 'email_utilisateur', 'password_utilisateur'),
(721, 'nom_utilisateur', 'email_utilisateur', 'password_utilisateur'),
(722, 'nom_utilisateur', 'email_utilisateur', 'password_utilisateur'),
(723, 'nom_utilisateur', 'email_utilisateur', 'password_utilisateur'),
(724, 'nom_utilisateur', 'email_utilisateur', 'password_utilisateur'),
(725, 'nom_utilisateur', 'email_utilisateur', 'password_utilisateur'),
(726, 'nom_utilisateur', 'email_utilisateur', 'password_utilisateur'),
(727, 'nom_utilisateur', 'email_utilisateur', 'password_utilisateur'),
(728, 'nom_utilisateur', 'email_utilisateur', 'password_utilisateur'),
(729, 'nom_utilisateur', 'email_utilisateur', 'password_utilisateur'),
(730, 'nom_utilisateur', 'email_utilisateur', 'password_utilisateur'),
(731, 'nom_utilisateur', 'email_utilisateur', 'password_utilisateur'),
(732, 'nom_utilisateur', 'email_utilisateur', 'password_utilisateur'),
(733, 'nom_utilisateur', 'email_utilisateur', 'password_utilisateur'),
(734, 'nom_utilisateur', 'email_utilisateur', 'password_utilisateur'),
(735, 'nom_utilisateur', 'email_utilisateur', 'password_utilisateur'),
(736, 'nom_utilisateur', 'email_utilisateur', 'password_utilisateur'),
(737, 'nom_utilisateur', 'email_utilisateur', 'password_utilisateur'),
(738, 'nom_utilisateur', 'email_utilisateur', 'password_utilisateur'),
(739, 'nom_utilisateur', 'email_utilisateur', 'password_utilisateur'),
(740, 'nom_utilisateur', 'email_utilisateur', 'password_utilisateur'),
(741, 'nom_utilisateur', 'email_utilisateur', 'password_utilisateur'),
(742, 'nom_utilisateur', 'email_utilisateur', 'password_utilisateur'),
(743, 'nom_utilisateur', 'email_utilisateur', 'password_utilisateur'),
(744, 'nom_utilisateur', 'email_utilisateur', 'password_utilisateur'),
(745, 'nom_utilisateur', 'email_utilisateur', 'password_utilisateur'),
(746, 'nom_utilisateur', 'email_utilisateur', 'password_utilisateur'),
(747, 'nom_utilisateur', 'email_utilisateur', 'password_utilisateur'),
(748, 'nom_utilisateur', 'email_utilisateur', 'password_utilisateur'),
(749, 'nom_utilisateur', 'email_utilisateur', 'password_utilisateur'),
(750, 'nom_utilisateur', 'email_utilisateur', 'password_utilisateur'),
(751, 'nom_utilisateur', 'email_utilisateur', 'password_utilisateur'),
(752, 'nom_utilisateur', 'email_utilisateur', 'password_utilisateur'),
(753, 'nom_utilisateur', 'email_utilisateur', 'password_utilisateur'),
(754, 'nom_utilisateur', 'email_utilisateur', 'password_utilisateur'),
(755, 'nom_utilisateur', 'email_utilisateur', 'password_utilisateur'),
(756, 'nom_utilisateur', 'email_utilisateur', 'password_utilisateur'),
(757, 'nom_utilisateur', 'email_utilisateur', 'password_utilisateur'),
(758, 'nom_utilisateur', 'email_utilisateur', 'password_utilisateur'),
(759, 'nom_utilisateur', 'email_utilisateur', 'password_utilisateur'),
(760, 'nom_utilisateur', 'email_utilisateur', 'password_utilisateur'),
(761, 'nom_utilisateur', 'email_utilisateur', 'password_utilisateur'),
(762, 'nom_utilisateur', 'email_utilisateur', 'password_utilisateur'),
(763, 'nom_utilisateur', 'email_utilisateur', 'password_utilisateur'),
(764, 'nom_utilisateur', 'email_utilisateur', 'password_utilisateur'),
(765, 'nom_utilisateur', 'email_utilisateur', 'password_utilisateur'),
(766, 'nom_utilisateur', 'email_utilisateur', 'password_utilisateur'),
(767, 'nom_utilisateur', 'email_utilisateur', 'password_utilisateur'),
(768, 'nom_utilisateur', 'email_utilisateur', 'password_utilisateur'),
(769, 'nom_utilisateur', 'email_utilisateur', 'password_utilisateur'),
(770, 'nom_utilisateur', 'email_utilisateur', 'password_utilisateur');

-- --------------------------------------------------------

--
-- Structure de la table `vendeur_produit`
--

DROP TABLE IF EXISTS `vendeur_produit`;
CREATE TABLE IF NOT EXISTS `vendeur_produit` (
  `id_vendeur` int(11) NOT NULL AUTO_INCREMENT,
  `nom_vendeur` varchar(255) NOT NULL,
  `email_vendeur` varchar(255) NOT NULL,
  `password_vendeur` varchar(255) NOT NULL,
  `sexe_vendeur` varchar(2) NOT NULL,
  `numero_tel_vendeur` int(11) NOT NULL,
  PRIMARY KEY (`id_vendeur`)
) ENGINE=InnoDB AUTO_INCREMENT=6 DEFAULT CHARSET=latin1;

--
-- Déchargement des données de la table `vendeur_produit`
--

INSERT INTO `vendeur_produit` (`id_vendeur`, `nom_vendeur`, `email_vendeur`, `password_vendeur`, `sexe_vendeur`, `numero_tel_vendeur`) VALUES
(1, 'clement', 'clement@clement.com', 'poiuytrfghjkl', 'M', 22222222),
(4, 'Romeo', 'romeo@romeo.com', '123', 'M', 112255448),
(5, 'elsa', 'elsa@elsa.com', 'azerty', 'F', 58964789);

--
-- Contraintes pour les tables déchargées
--

--
-- Contraintes pour la table `produits`
--
ALTER TABLE `produits`
  ADD CONSTRAINT `produits_ibfk_1` FOREIGN KEY (`id_produit_region`) REFERENCES `regions` (`id_regions`) ON DELETE CASCADE ON UPDATE CASCADE;

--
-- Contraintes pour la table `vendeur_produit`
--
ALTER TABLE `vendeur_produit`
  ADD CONSTRAINT `vendeur_produit_ibfk_1` FOREIGN KEY (`id_vendeur`) REFERENCES `produits` (`vendeur_id_produit`);
COMMIT;

/*!40101 SET CHARACTER_SET_CLIENT=@OLD_CHARACTER_SET_CLIENT */;
/*!40101 SET CHARACTER_SET_RESULTS=@OLD_CHARACTER_SET_RESULTS */;
/*!40101 SET COLLATION_CONNECTION=@OLD_COLLATION_CONNECTION */;
